question,context,source
What are NVIDIA's offerings for the Professional Visualization market?,"We serve the Professional Visualization market by working closely with independent software vendors, or ISVs, to optimize their offerings for NVIDIA GPUs. Our GPU computing solutions enhance productivity and introduce new capabilities for critical workflows in many fields, such as design and manufacturing and digital content creation. Design and manufacturing encompass computer-aided design, architectural design, consumer-products manufacturing, medical instrumentation, and aerospace. Digital content creation includes professional video editing and post-production, special effects for films, and broadcast-television graphics. 

The NVIDIA RTX platform makes it possible to render film-quality, photorealistic objects and environments with physically accurate shadows, reflections and refractions using ray tracing in real-time. Many leading 3D design and content creation applications developed by our ecosystem partners now support RTX, allowing professionals to accelerate and transform their workflows with NVIDIA RTX GPUs and software. 

Designers who build the products we use every day need the images that they view digitally to mirror reality. This requires simulating the physical behavior of light and materials, or physically-based rendering. NVIDIA Omniverse is a virtual world simulation and collaboration platform for 3D workflows that is available as a software subscription for enterprise use and free for individual use. Omniverse, VR and AR are being incorporated in a growing number of enterprise applications. Virtual car showrooms, surgical training, architectural walkthroughs, and bringing historical scenes to life all deploy these technologies, powered by our GPUs.",nvda-20220130/1.txt
What is NVIDIA's approach to autonomous driving?,"NVIDIA's Automotive market is comprised of cockpit AV platforms, AI cockpit and infotainment solutions, and associated development agreements. Leveraging our technology leadership in AI and building on our long-standing automotive relationships, we are delivering a complete end-to-end solution for the AV market under the DRIVE brand. NVIDIA has demonstrated multiple applications of AI within the car: AI can drive the car itself as a pilot in fully autonomous mode or it can also be a co-pilot, assisting the human driver while creating a safer driving experience. 

NVIDIA is working with several hundred partners in the automotive ecosystem including automakers, truck makers, tier-one suppliers, sensor manufacturers, automotive research institutions, HD mapping companies, and startups to develop and deploy AI systems for self-driving vehicles. Our unified AI computing architecture starts with training deep neural networks using our GPUs, and then running a full perception, planning and control stack within the vehicle on the NVIDIA DRIVE Hyperion platform. The DRIVE Hyperion platform consists of the high-performance, energy efficient DRIVE AGX computing hardware, a reference sensor set that supports full self-driving capability as well as an open, modular DRIVE Software platform. We recently announced for future release the DRIVE Software platform that includes DRIVE Chauffeur – based on NVIDIA DRIVE AV software to enable autonomous driving, mapping and parking services; and Drive Concierge – based on NVIDIA DRIVE IX software for intelligent in-vehicle experiences and NVIDIA Omniverse Avatar software for real time conversational AI capability. 

NVIDIA DRIVE can perceive and understand in real-time what is happening around the vehicle, precisely locate itself on an HD map, and plan a safe path forward. This advanced self-driving car platform combines deep learning, sensor fusion, and surround vision to change the driving experience. Our DRIVE platform scales from a palm-sized, energy-efficient module for automated highway-driving capabilities to a configuration with multiple systems aimed at enabling driverless cars. Our newest system-on-a-chip, or SoC, Orin, which started shipping in fiscal year 2022, enables vehicles to use deep neural networks to process data from multiple cameras and sensors. It powers the DRIVE AutoPilot, NVIDIA's automated driving solution, combining the DRIVE AV self-driving solution with the DRIVE IX cockpit software, including a visualization system for allowing the driver to see what the car sees and plans to do. 

In addition, we offer a scalable data center-based simulation solution, NVIDIA DRIVE Constellation running DRIVE Sim software, for testing and validating a self-driving platform before commercial deployment. NVIDIA's unique end-to-end, software-defined approach is designed for continuous innovation and continuous development, enabling cars to receive over-the-air updates to add new features and capabilities throughout the life of a vehicle.",nvda-20220130/1.txt
What are NVIDIA's key strategies?,"NVIDIA's key strategies that shape our overall business approach include: 

Advancing the NVIDIA accelerated computing platform. NVIDIA's accelerated computing platform can solve complex problems in significantly less time and with lower power consumption than alternative computational approaches. Indeed, it can help solve problems that were previously deemed unsolvable. We work to deliver continued performance leaps that outpace Moore's Law by leveraging innovation across the architecture, chip design, system, and software layers. With our acquisition of Mellanox, we strengthened our end-to-end expertise in data center architectures, positioning us for a future when the data center is the new unit of computing. This full-stack innovation approach allows us to deliver order-of-magnitude performance advantages relative to legacy approaches in our target markets, which include Gaming, Data Center, Professional Visualization, and Automotive. While the computing requirements of these end markets are diverse, we address them with a unified underlying architecture leveraging our GPUs and CUDA as the fundamental building blocks. The programmable nature of our architecture allows us to make leveraged investments in R&D: we can support several multi-billion-dollar end markets with the same underlying technology by using a variety of software stacks developed either internally or by third party developers and partners. We utilize this platform approach in each of our target markets. 

Extending our technology and platform leadership in AI. We provide a complete, end-to-end accelerated computing platform for deep learning and machine learning, addressing both training and inferencing. This includes GPUs, interconnects, systems, our CUDA programming language, algorithms, libraries, and other software. GPUs are uniquely suited to AI, and we will continue to add AI-specific features to our GPU architecture to further extend our leadership position. Our AI technology leadership is reinforced by our large and expanding ecosystem in a virtuous cycle. Our GPU platforms are available from virtually every major server maker and cloud service provider, as well as on our own AI supercomputer. There are almost 3 million developers worldwide using CUDA and our other software tools to help deploy our technology in our target markets. We evangelize AI through partnerships with hundreds of universities and almost 10,000 startups through our Inception program. Additionally, our Deep Learning Institute provides instruction on the latest techniques on how to design, train, and deploy neural networks in applications using our accelerated computing platform. 

Extending our technology and platform leadership in computer graphics. We believe that computer graphics is fundamental to the continued expansion and evolution of computing. We apply our research and development resources to enhance the user experience for consumer entertainment and professional visualization applications, and create new virtual world and simulation capabilities. Our technologies are instrumental in driving gaming forward, as developers leverage our libraries and algorithms to deliver an optimized gaming experience on our GeForce platform. Our computer graphics platforms leverage not only our industry-leading GeForce and NVIDIA RTX GPUs, but also optimized software stacks. For example, GeForce Experience enhances each gamer's experience by optimizing their PC's settings, as well as enabling the recording and sharing of gameplay. Our Studio drivers enhance and accelerate a number of popular creative applications. Omniverse is real-time 3D design collaboration and virtual world simulation software that empowers artists, designers and creators to connect and collaborate in leading design applications. We also enable interactive graphics applications - such as games, movie and photo editing and design software - to be accessed by almost any device, almost anywhere, through our cloud platforms such as vGPU for enterprise and GeForce NOW for gaming. 

Advancing the leading autonomous vehicle platform. We believe the advent of AV will soon revolutionize the transportation industry. In our view, AI is the key technology enabler of this opportunity, as the algorithms required for autonomous driving - such as perception, localization, and planning - are too complex for legacy hand-coded approaches and will run on multiple trained neural networks instead. Therefore, we provide a full functionally safe AI-based hardware and software solution for the AV market under the DRIVE brand, which we are bringing to market through our partnerships with automotive original equipment manufacturers, or OEMs, tier-1 suppliers, and start-ups. Our AV solution also includes the GPU-based hardware required to train the neural networks before their in-vehicle deployment, as well as to re-simulate their operation prior to any over-the-air software updates. We believe our comprehensive, top-to-bottom and end-to-end approach will enable the transportation industry to solve the complex problems arising from the shift to autonomous driving. 

Leveraging our intellectual property, or IP. We believe our IP is a valuable asset that can be accessed by our customers and partners through license and development agreements when they desire to build such capabilities directly into their own products, or have us do so through a custom development. Such license and development arrangements can further enhance the reach of our technology.",nvda-20220130/1.txt
What is NVIDIA's approach to sales and marketing?,"Our worldwide sales and marketing strategy is key to achieving our objective of providing markets with our high-performance and efficient computing platforms and software. Our sales and marketing teams, located across our global markets, work closely with end customers and various industry ecosystems through our partner network. Our partner network incorporates each industry's respective OEMs, original device manufacturers, or ODMs, system builders, add-in board manufacturers, or AIBs, retailers/distributors, ISVs, internet and cloud service providers, automotive manufacturers and tier-1 automotive suppliers, mapping companies, start-ups, and other ecosystem participants. 

Members of our sales team have technical expertise and product and industry knowledge. We also employ a team of application engineers and solution architects to assist our partner network in designing, testing, and qualifying system designs that incorporate our platforms. We believe that the depth and quality of our design support are key to improving our partner network's time-to-market, maintaining a high level of customer satisfaction, and fostering relationships that encourage our end customers and partner network to use the next generation of our products within each platform. 

To encourage the development of applications optimized for our platforms and software, we seek to establish and maintain strong relationships in the software development community. Engineering and marketing personnel engage with key software developers to promote and discuss our platforms, as well as to ascertain individual product requirements and solve technical problems. Our developer program makes our products available to developers prior to launch in order to encourage the development of AI frameworks, SDKs, and APIs for software applications and game titles that are optimized for our platforms. Our Deep Learning Institute provides in-person and online training for developers in industries and organizations around the world to build AI and accelerated computing applications that leverage our platforms. 

As NVIDIA's business has evolved from a focus primarily on gaming products to broader markets, and from chips to platforms and complete systems to software, so, too, have our avenues to market. Thus, in addition to sales to customers in our partner network, certain of our platforms are also sold through e-tail channels, or direct to cloud service providers and enterprise customers.",nvda-20220130/1.txt
What is NVIDIA's approach to seasonality?,"Our computing platforms serve a diverse set of markets such as consumer gaming, enterprise and cloud data centers, professional workstations, and automotive. Our consumer products typically see stronger revenue in the second half of our fiscal year. In addition, based on the production schedules",nvda-20220130/1.txt
